season,season_week,week,week_start_date,year,cases,prec,tavg,mu
1990/1991,1,18,4/30/90,1990,4,16.64,298.2642857,
1990/1991,2,19,5/7/90,1990,5,22.9,298.9928571,
1990/1991,3,20,5/14/90,1990,4,18.5,299.0642857,
1990/1991,4,21,5/21/90,1990,3,7.3,299.6857143,
1990/1991,5,22,5/28/90,1990,6,25.19,299.8714286,
1990/1991,6,23,6/4/90,1990,2,44.7,299.0928571,
1990/1991,7,24,6/11/90,1990,4,24.8,299.6,
1990/1991,8,25,6/18/90,1990,5,38.91,299.5642857,
1990/1991,9,26,6/25/90,1990,10,32.3,300.0357143,
1990/1991,10,27,7/2/90,1990,6,40.9,299.7714286,
1990/1991,11,28,7/9/90,1990,8,43.72,299.5857143,
1990/1991,12,29,7/16/90,1990,2,32.63,299.8714286,
1990/1991,13,30,7/23/90,1990,6,44.5,299.7142857,0.843304843
1990/1991,14,31,7/30/90,1990,17,18.8,300.5071429,1.018867925
1990/1991,15,32,8/6/90,1990,23,84.6,300.1571429,1.179527559
1990/1991,16,33,8/13/90,1990,13,38.6,300.3,0.902439024
1990/1991,17,34,8/20/90,1990,21,45.6,300.1,0.987003058
1990/1991,18,35,8/27/90,1990,28,20,300.8571429,1.089900759
1990/1991,19,36,9/3/90,1990,24,34.38,300.6214286,1.01524268
1990/1991,20,37,9/10/90,1990,20,35.4,299.9,0.979692106
1990/1991,21,38,9/17/90,1990,40,16.7,300.5642857,1.091306884
1990/1991,22,39,9/24/90,1990,27,34.2,300.7571429,0.966112013
1990/1991,23,40,10/1/90,1990,42,127.2,300.15,1.040206369
1990/1991,24,41,10/8/90,1990,33,250.7,299.4785714,0.98579429
1990/1991,25,42,10/15/90,1990,43,130.32,298.9714286,1.025933857
1990/1991,26,43,10/22/90,1990,37,22.06,299.7,0.989627165
1990/1991,27,44,10/29/90,1990,57,11.1,300.05,1.047083813
1990/1991,28,45,11/5/90,1990,71,10.6,300.4285714,1.111277552
1990/1991,29,46,11/12/90,1990,44,35.9,299.7285714,0.975596845
1990/1991,30,47,11/19/90,1990,56,29.3,298.4428571,0.996075738
1990/1991,31,48,11/26/90,1990,53,82.8,298.7285714,0.994018823
1990/1991,32,49,12/3/90,1990,52,9.7,298.2571429,0.99627568
1990/1991,33,50,12/10/90,1990,47,32.81,298.3571429,0.972392301
1990/1991,34,51,12/17/90,1990,26,3.46,298.3285714,0.95624731
1990/1991,35,52,12/24/90,1990,27,65.48,297.25,0.942546082
1990/1991,36,1,1/1/91,1991,21,26.33,297.8285714,0.948387819
1990/1991,37,2,1/8/91,1991,21,27.4,297.6571429,0.934488297
1990/1991,38,3,1/15/91,1991,26,0.7,298.15,0.945432498
1990/1991,39,4,1/22/91,1991,34,5.7,298.2285714,0.921736599
1990/1991,40,5,1/29/91,1991,37,19.69,297.9285714,0.882572652
1990/1991,41,6,2/5/91,1991,17,21.4,297.1142857,0.923367246
1990/1991,42,7,2/12/91,1991,19,26.2,297.6142857,0.886083559
1990/1991,43,8,2/19/91,1991,25,23.8,297.8285714,0.883621934
1990/1991,44,9,2/26/91,1991,18,8.3,298.0785714,0.851404591
1990/1991,45,10,3/5/91,1991,21,13.37,297.6357143,0.847138554
1990/1991,46,11,3/12/91,1991,17,11.1,297.6142857,0.931190223
1990/1991,47,12,3/19/91,1991,17,21.26,297.6928571,0.923820193
1990/1991,48,13,3/26/91,1991,16,20.9,297.1857143,0.940456648
1990/1991,49,14,4/2/91,1991,16,19.78,297.6571429,0.938766114
1990/1991,50,15,4/9/91,1991,15,21.9,297.3928571,0.917864476
1990/1991,51,16,4/16/91,1991,23,19.7,298.2357143,0.896598639
1990/1991,52,17,4/23/91,1991,16,8.38,299.0714286,0.834189987
1991/1992,1,18,4/30/91,1991,17,20.6,298.7214286,0.972222222
1991/1992,2,19,5/7/91,1991,12,35.37,298.4071429,0.943478261
1991/1992,3,20,5/14/91,1991,17,59.3,298.4571429,0.926586796
1991/1992,4,21,5/21/91,1991,10,43.4,298.8857143,0.935321996
1991/1992,5,22,5/28/91,1991,15,5,299.75,0.929824561
1991/1992,6,23,6/4/91,1991,19,5.82,300.0714286,0.970765809
1991/1992,7,24,6/11/91,1991,21,17,299.9714286,0.983224604
1991/1992,8,25,6/18/91,1991,14,37.8,299.4785714,0.94541679
1991/1992,9,26,6/25/91,1991,18,51.99,299.3857143,0.961340985
1991/1992,10,27,7/2/91,1991,13,18.7,300.1714286,0.940219
1991/1992,11,28,7/9/91,1991,14,23.6,300.3428571,0.907011736
1991/1992,12,29,7/16/91,1991,18,27.4,299.9785714,0.969230769
1991/1992,13,30,7/23/91,1991,23,34.39,299.9642857,0.9941138
1991/1992,14,31,7/30/91,1991,25,31.5,299.8642857,1.03426319
1991/1992,15,32,8/6/91,1991,62,20.4,300.65,1.258798624
1991/1992,16,33,8/13/91,1991,60,25.47,300.3857143,1.132669757
1991/1992,17,34,8/20/91,1991,76,23.8,300.2,1.173804689
1991/1992,18,35,8/27/91,1991,66,42.33,300.15,1.064876411
1991/1992,19,36,9/3/91,1991,64,11.4,300.6357143,1.043817468
1991/1992,20,37,9/10/91,1991,68,28.8,300.6,1.053921365
1991/1992,21,38,9/17/91,1991,89,77.5,300.05,1.093735727
1991/1992,22,39,9/24/91,1991,92,60,299.6928571,1.083887965
1991/1992,23,40,10/1/91,1991,140,55.1,299.6714286,1.167467027
1991/1992,24,41,10/8/91,1991,116,31.19,299.9214286,1.06292445
1991/1992,25,42,10/15/91,1991,142,12.6,299.9928571,1.090231627
1991/1992,26,43,10/22/91,1991,129,26.83,299.9928571,1.052276071
1991/1992,27,44,10/29/91,1991,140,74.83,299.2785714,1.049226067
1991/1992,28,45,11/5/91,1991,140,72.7,298.7857143,1.04414722
1991/1992,29,46,11/12/91,1991,127,15.1,298.7071429,1.019986417
1991/1992,30,47,11/19/91,1991,129,78.43,298.5,1.025205139
1991/1992,31,48,11/26/91,1991,169,35.1,298.8428571,1.055051038
1991/1992,32,49,12/3/91,1991,141,26.8,298.5928571,1.021953908
1991/1992,33,50,12/10/91,1991,108,8.76,298.1357143,0.990907683
1991/1992,34,51,12/17/91,1991,78,19.3,296.5071429,0.974401262
1991/1992,35,52,12/24/91,1991,70,4.8,297.1357143,0.94988006
1991/1992,36,1,1/1/92,1992,81,11.8,298.4142857,0.967432405
1991/1992,37,2,1/8/92,1992,104,19.3,297.1785714,0.960043127
1991/1992,38,3,1/15/92,1992,90,5.11,297.4142857,0.960136211
1991/1992,39,4,1/22/92,1992,85,7.2,297.55,0.947026469
1991/1992,40,5,1/29/92,1992,55,24.5,296.9714286,0.926499404
1991/1992,41,6,2/5/92,1992,53,12.1,298.4,0.930022137
1991/1992,42,7,2/12/92,1992,65,5.5,297.9928571,0.925665455
1991/1992,43,8,2/19/92,1992,33,12.8,297.6785714,0.853967027
1991/1992,44,9,2/26/92,1992,38,5.3,297.75,0.864214682
1991/1992,45,10,3/4/92,1992,59,13.06,297.8285714,0.907597657
1991/1992,46,11,3/11/92,1992,40,10.3,297.9928571,0.930403789
1991/1992,47,12,3/18/92,1992,37,13.5,297.7,0.933876074
1991/1992,48,13,3/25/92,1992,29,17.5,298.0642857,0.908762369
1991/1992,49,14,4/1/92,1992,30,21.7,298.7071429,0.857574309
1991/1992,50,15,4/8/92,1992,30,60.8,298.0857143,0.858784757
1991/1992,51,16,4/15/92,1992,28,26,298.2214286,0.837103916
1991/1992,52,17,4/22/92,1992,23,2,298.85,0.897672141
1992/1993,1,18,4/29/92,1992,24,47,298.0857143,0.891542737
1992/1993,2,19,5/6/92,1992,29,25.5,298.7,0.848799188
1992/1993,3,20,5/13/92,1992,26,574.3,298.65,0.951999443
1992/1993,4,21,5/20/92,1992,23,149.7,298.6785714,0.933146833
1992/1993,5,22,5/27/92,1992,20,30.2,299.1928571,0.861891601
1992/1993,6,23,6/3/92,1992,19,45.4,298.9357143,0.929813977
1992/1993,7,24,6/10/92,1992,20,36.2,299.0714286,0.935791408
1992/1993,8,25,6/17/92,1992,26,29.6,299.7142857,0.981517384
1992/1993,9,26,6/24/92,1992,29,9.7,300.4071429,0.987585843
1992/1993,10,27,7/1/92,1992,31,9.5,300.5285714,0.995208306
1992/1993,11,28,7/8/92,1992,28,44.9,299.75,0.990889886
1992/1993,12,29,7/15/92,1992,26,69.84,299.2642857,1.001980459
1992/1993,13,30,7/22/92,1992,32,60.3,299.2571429,1.019168501
1992/1993,14,31,7/29/92,1992,35,37.8,299.7714286,1.015179337
1992/1993,15,32,8/5/92,1992,33,84.2,299.2285714,1.016485444
1992/1993,16,33,8/12/92,1992,30,43.9,299.9642857,1.013383895
1992/1993,17,34,8/19/92,1992,52,31.3,300.0071429,1.090928564
1992/1993,18,35,8/26/92,1992,59,37.66,300.1857143,1.105918736
1992/1993,19,36,9/2/92,1992,67,86.3,299.7285714,1.114219904
1992/1993,20,37,9/9/92,1992,65,43.5,300.0428571,1.07596817
1992/1993,21,38,9/16/92,1992,74,109.69,299.3,1.086566365
1992/1993,22,39,9/23/92,1992,70,29.1,299.8357143,1.058629873
1992/1993,23,40,9/30/92,1992,61,15.7,300.3285714,1.033835922
1992/1993,24,41,10/7/92,1992,53,11.5,300.2142857,1.018165733
1992/1993,25,42,10/14/92,1992,76,23.3,299.8714286,1.046583248
1992/1993,26,43,10/21/92,1992,61,27.4,299.8571429,1.010859174
1992/1993,27,44,10/28/92,1992,57,29.3,299.8071429,1.006213763
1992/1993,28,45,11/4/92,1992,44,27.42,299.1571429,0.99179336
1992/1993,29,46,11/11/92,1992,34,104.67,298.1357143,0.968313722
1992/1993,30,47,11/18/92,1992,47,75.9,298.8571429,0.968957921
1992/1993,31,48,11/25/92,1992,60,54.6,298.4928571,0.971236861
1992/1993,32,49,12/2/92,1992,60,15.23,299.0142857,0.973771565
1992/1993,33,50,12/9/92,1992,53,32.14,298.2357143,0.949540958
1992/1993,34,51,12/16/92,1992,36,22.4,297.3642857,0.93081092
1992/1993,35,52,12/23/92,1992,31,60.1,297.6785714,0.936402653
1992/1993,36,1,1/1/93,1993,30,41.5,297.4928571,0.94490067
1992/1993,37,2,1/8/93,1993,32,16.9,297.4928571,0.904398808
1992/1993,38,3,1/15/93,1993,28,3.6,297.8642857,0.925475228
1992/1993,39,4,1/22/93,1993,33,20.2,297.2785714,0.932494474
1992/1993,40,5,1/29/93,1993,33,39.9,296.6785714,0.960353866
1992/1993,41,6,2/5/93,1993,35,1.6,297.7428571,0.983379636
1992/1993,42,7,2/12/93,1993,22,9.8,297.6285714,0.939862042
1992/1993,43,8,2/19/93,1993,13,18.9,296.85,0.891469169
1992/1993,44,9,2/26/93,1993,13,1.3,296.6285714,0.867336358
1992/1993,45,10,3/5/93,1993,21,8.7,297.3571429,0.873072756
1992/1993,46,11,3/12/93,1993,17,15,298,0.926695047
1992/1993,47,12,3/19/93,1993,11,11.36,297.4857143,0.927179963
1992/1993,48,13,3/26/93,1993,8,16.71,297.8214286,0.919064748
1992/1993,49,14,4/2/93,1993,8,11.3,298.0071429,0.900690846
1992/1993,50,15,4/9/93,1993,6,72.89,297.4785714,0.903473614
1992/1993,51,16,4/16/93,1993,6,32,298.3785714,0.862977099
1992/1993,52,17,4/23/93,1993,7,30.8,298.5714286,0.829949845
1993/1994,1,18,4/30/93,1993,12,59.7,298.0142857,0.763902129
1993/1994,2,19,5/7/93,1993,17,122.1,297.7428571,0.88964182
1993/1994,3,20,5/14/93,1993,10,45.87,299.7142857,0.920363442
1993/1994,4,21,5/21/93,1993,10,159.3,298.5857143,0.917314095
1993/1994,5,22,5/28/93,1993,18,35,300.0857143,0.90017311
1993/1994,6,23,6/4/93,1993,19,58.4,299.7357143,0.956064356
1993/1994,7,24,6/11/93,1993,12,19,299.8357143,0.93957346
1993/1994,8,25,6/18/93,1993,22,86.9,299.1,1.02980713
1993/1994,9,26,6/25/93,1993,12,24.7,300.1,0.92069451
1993/1994,10,27,7/2/93,1993,21,82.3,299.4642857,0.979647218
1993/1994,11,28,7/9/93,1993,18,49.3,299.8428571,0.958715596
1993/1994,12,29,7/16/93,1993,16,51.5,299.9214286,0.948347107
1993/1994,13,30,7/23/93,1993,16,80.8,299.5285714,0.94053359
1993/1994,14,31,7/30/93,1993,22,16.7,300.2928571,0.95376978
1993/1994,15,32,8/6/93,1993,17,33.3,300.2071429,0.959040374
1993/1994,16,33,8/13/93,1993,25,50.8,299.7714286,0.998891045
1993/1994,17,34,8/20/93,1993,23,31.4,299.9571429,0.967570184
1993/1994,18,35,8/27/93,1993,12,41,299.8571429,0.906617478
1993/1994,19,36,9/3/93,1993,25,35.7,300.1571429,0.97184466
1993/1994,20,37,9/10/93,1993,28,76.9,299.6642857,0.965007607
1993/1994,21,38,9/17/93,1993,27,59.8,300.0571429,1.00632524
1993/1994,22,39,9/24/93,1993,18,60.56,299.7571429,0.941669705
1993/1994,23,40,10/1/93,1993,23,56.9,299.7857143,0.968895511
1993/1994,24,41,10/8/93,1993,23,14.2,300.5214286,0.976498027
1993/1994,25,42,10/15/93,1993,29,22.2,299.9,1.001197195
1993/1994,26,43,10/22/93,1993,38,60.1,299.6428571,1.026741294
1993/1994,27,44,10/29/93,1993,36,7.3,299.7642857,1.027867965
1993/1994,28,45,11/5/93,1993,43,47.1,299.1428571,1.038337897
1993/1994,29,46,11/12/93,1993,46,146.11,298.5785714,1.052062766
1993/1994,30,47,11/19/93,1993,31,21,299.0571429,1.005709188
1993/1994,31,48,11/26/93,1993,25,41.5,298.3928571,0.976885341
1993/1994,32,49,12/3/93,1993,40,24.5,298.5357143,1.001829218
1993/1994,33,50,12/10/93,1993,31,28.6,298.7285714,0.975862337
1993/1994,34,51,12/17/93,1993,38,37.1,298.0214286,1.011472275
1993/1994,35,52,12/24/93,1993,30,8.2,298.5428571,0.982810849
1993/1994,36,1,1/1/94,1994,22,21.7,297.9142857,0.966771935
1993/1994,37,2,1/8/94,1994,31,23.3,297.8142857,0.970800909
1993/1994,38,3,1/15/94,1994,26,11.64,297.8285714,0.94262687
1993/1994,39,4,1/22/94,1994,35,27.7,297.6642857,0.961796295
1993/1994,40,5,1/29/94,1994,36,14,297.6571429,0.945877409
1993/1994,41,6,2/5/94,1994,39,3.1,297.9142857,0.942033361
1993/1994,42,7,2/12/94,1994,25,9.4,297.65,0.95068753
1993/1994,43,8,2/19/94,1994,31,20.9,297.35,0.976619581
1993/1994,44,9,2/26/94,1994,37,16.7,297.3214286,0.96230441
1993/1994,45,10,3/5/94,1994,33,9.4,297.8214286,0.978668599
1993/1994,46,11,3/12/94,1994,25,6.29,297.7714286,0.940562505
1993/1994,47,12,3/19/94,1994,24,3.8,298.3714286,0.96019434
1993/1994,48,13,3/26/94,1994,18,6.46,298.3214286,0.967478962
1993/1994,49,14,4/2/94,1994,23,8.3,298.1142857,0.957414651
1993/1994,50,15,4/9/94,1994,13,37.4,297.4928571,0.948779586
1993/1994,51,16,4/16/94,1994,18,12.2,298.0214286,0.929867106
1993/1994,52,17,4/23/94,1994,14,14.7,298.8571429,0.911777211
1994/1995,1,18,4/30/94,1994,17,8.8,299.1928571,0.892152143
1994/1995,2,19,5/7/94,1994,22,30.3,298.3714286,0.962549463
1994/1995,3,20,5/14/94,1994,13,20.1,299.4142857,0.911607787
1994/1995,4,21,5/21/94,1994,24,0.3,300.4714286,0.893211786
1994/1995,5,22,5/28/94,1994,31,26,299.3857143,0.936448598
1994/1995,6,23,6/4/94,1994,34,13.1,299.7428571,1.003255458
1994/1995,7,24,6/11/94,1994,31,23.31,299.3428571,0.989570659
1994/1995,8,25,6/18/94,1994,31,5.7,300.3642857,1.013685239
1994/1995,9,26,6/25/94,1994,38,39.93,299.4714286,1.031143911
1994/1995,10,27,7/2/94,1994,49,47.02,299.2071429,1.111703511
1994/1995,11,28,7/9/94,1994,42,9.4,300.1,1.045454545
1994/1995,12,29,7/16/94,1994,49,11.9,299.9428571,1.071906355
1994/1995,13,30,7/23/94,1994,55,7.1,300.0428571,1.078794133
1994/1995,14,31,7/30/94,1994,80,23.2,299.5571429,1.144697295
1994/1995,15,32,8/6/94,1994,84,11.9,299.8214286,1.129483775
1994/1995,16,33,8/13/94,1994,72,17.66,300.3428571,1.059300488
1994/1995,17,34,8/20/94,1994,89,10.44,300.7857143,1.082517648
1994/1995,18,35,8/27/94,1994,115,36,300.0785714,1.123002409
1994/1995,19,36,9/3/94,1994,179,40.5,300.1928571,1.236334679
1994/1995,20,37,9/10/94,1994,202,78.6,300.0142857,1.1978216
1994/1995,21,38,9/17/94,1994,272,46.8,299.8142857,1.246672489
1994/1995,22,39,9/24/94,1994,302,10,300.0571429,1.194932877
1994/1995,23,40,10/1/94,1994,395,12.1,300.4428571,1.23394349
1994/1995,24,41,10/8/94,1994,426,32.67,299.6285714,1.178994696
1994/1995,25,42,10/15/94,1994,461,47.09,299.5642857,1.150794459
1994/1995,26,43,10/22/94,1994,381,35.5,299.6,1.066423383
1994/1995,27,44,10/29/94,1994,333,30.9,299.4857143,1.037637001
1994/1995,28,45,11/5/94,1994,353,55.9,298.7714286,1.041149626
1994/1995,29,46,11/12/94,1994,410,11.9,300.0214286,1.052901182
1994/1995,30,47,11/19/94,1994,364,27.5,299.05,1.030940588
1994/1995,31,48,11/26/94,1994,359,71.09,298.2785714,1.02218116
1994/1995,32,49,12/3/94,1994,288,60.2,298.2571429,1.001905948
1994/1995,33,50,12/10/94,1994,221,20.8,298.7785714,0.981066226
1994/1995,34,51,12/17/94,1994,149,3.9,298.8785714,0.965560368
1994/1995,35,52,12/24/94,1994,112,7.4,297.8928571,0.94180078
1994/1995,36,1,1/1/95,1995,154,8.24,298.2142857,0.930206769
1994/1995,37,2,1/8/95,1995,91,26.95,296.9928571,0.900837083
1994/1995,38,3,1/15/95,1995,72,11.98,297.5785714,0.915607096
1994/1995,39,4,1/22/95,1995,56,43.5,297.8142857,0.921734666
1994/1995,40,5,1/29/95,1995,46,1.4,298.0928571,0.90116344
1994/1995,41,6,2/5/95,1995,37,12.53,298.2571429,0.850036025
1994/1995,42,7,2/12/95,1995,26,24.32,297.85,0.836148982
1994/1995,43,8,2/19/95,1995,17,16.35,297.5428571,0.777268461
1994/1995,44,9,2/26/95,1995,17,67.2,296.9928571,0.762348732
1994/1995,45,10,3/5/95,1995,20,21.9,297.5357143,0.760047263
1994/1995,46,11,3/12/95,1995,11,9.4,296.1785714,0.811274174
1994/1995,47,12,3/19/95,1995,7,5.2,297.2071429,0.833674575
1994/1995,48,13,3/26/95,1995,16,1.9,297.4,0.686406873
1994/1995,49,14,4/2/95,1995,14,1.1,298.8428571,0.790760624
1994/1995,50,15,4/9/95,1995,16,13.2,298.1785714,0.795398054
1994/1995,51,16,4/16/95,1995,5,10.1,297.6785714,0.791871518
1994/1995,52,17,4/23/95,1995,2,2.2,298.7357143,0.774908971
1995/1996,1,18,4/30/95,1995,6,7.2,299.5214286,0.761323155
1995/1996,2,19,5/7/95,1995,5,14,298.9714286,0.79322295
1995/1996,3,20,5/14/95,1995,4,19,299.3857143,0.841726619
1995/1996,4,21,5/21/95,1995,3,15.83,299.8,0.813508667
1995/1996,5,22,5/28/95,1995,4,86.3,298.7142857,0.741564968
1995/1996,6,23,6/4/95,1995,16,19.57,299.6357143,0.869177403
1995/1996,7,24,6/11/95,1995,8,41.74,299.7785714,0.811188811
1995/1996,8,25,6/18/95,1995,7,11.7,300.8785714,0.752372735
1995/1996,9,26,6/25/95,1995,10,10.72,300.95,0.754201681
1995/1996,10,27,7/2/95,1995,14,55.89,300.1857143,0.740654206
1995/1996,11,28,7/9/95,1995,7,41,300.5214286,0.819095477
1995/1996,12,29,7/16/95,1995,9,46.41,300.3571429,0.859756098
1995/1996,13,30,7/23/95,1995,11,111.25,299.8071429,0.882943144
1995/1996,14,31,7/30/95,1995,23,42.05,300.2785714,1.033604888
1995/1996,15,32,8/6/95,1995,17,25.8,300.5357143,0.932705249
1995/1996,16,33,8/13/95,1995,19,84.5,300.1642857,0.9647527
1995/1996,17,34,8/20/95,1995,24,62.81,300.1928571,1.014211274
1995/1996,18,35,8/27/95,1995,17,10.7,300.9071429,0.93036316
1995/1996,19,36,9/3/95,1995,28,106.7,300.8785714,1.047707101
1995/1996,20,37,9/10/95,1995,40,95.8,299.9785714,1.138142523
1995/1996,21,38,9/17/95,1995,33,16.6,300.15,1.034572864
1995/1996,22,39,9/24/95,1995,31,67.8,299.8285714,1.011066398
1995/1996,23,40,10/1/95,1995,33,49.6,299.6714286,1.033585971
1995/1996,24,41,10/8/95,1995,29,48.58,299.7142857,1.010297336
1995/1996,25,42,10/15/95,1995,30,34.3,299.5357143,1.010669481
1995/1996,26,43,10/22/95,1995,36,55.8,299.9142857,1.014933391
1995/1996,27,44,10/29/95,1995,48,16.3,299.6285714,1.070372208
1995/1996,28,45,11/5/95,1995,40,23.2,299.5785714,1.024069479
1995/1996,29,46,11/12/95,1995,28,14.1,299.3714286,0.978693075
1995/1996,30,47,11/19/95,1995,36,11.79,299.5928571,1.007978134
1995/1996,31,48,11/26/95,1995,19,15.9,299.3357143,0.952488999
1995/1996,32,49,12/3/95,1995,34,11.1,298.9857143,0.947454146
1995/1996,33,50,12/10/95,1995,23,27.2,298.4071429,0.938875484
1995/1996,34,51,12/17/95,1995,17,51.9,298.5357143,0.930776854
1995/1996,35,52,12/24/95,1995,17,18.2,298.7642857,0.922057051
1995/1996,36,1,1/1/96,1996,23,6.52,298.6214286,0.936796909
1995/1996,37,2,1/8/96,1996,14,31.7,298.05,0.914232772
1995/1996,38,3,1/15/96,1996,20,66.45,297.4214286,0.899520181
1995/1996,39,4,1/22/96,1996,13,29.6,296.7571429,0.831501079
1995/1996,40,5,1/29/96,1996,23,11.7,297.3142857,0.851803106
1995/1996,41,6,2/5/96,1996,20,16.05,297.55,0.890455033
1995/1996,42,7,2/12/96,1996,16,9.8,298.2357143,0.834120137
1995/1996,43,8,2/19/96,1996,16,22.57,297.75,0.920242994
1995/1996,44,9,2/26/96,1996,23,1.2,297.5,0.883953581
1995/1996,45,10,3/4/96,1996,14,9.7,297.9642857,0.905513612
1995/1996,46,11,3/11/96,1996,15,28.5,297.7857143,0.935364042
1995/1996,47,12,3/18/96,1996,4,1.3,298.25,0.892803221
1995/1996,48,13,3/25/96,1996,5,29.8,297.3857143,0.858416644
1995/1996,49,14,4/1/96,1996,5,28.4,298.2,0.900844542
1995/1996,50,15,4/8/96,1996,11,23.92,298.1357143,0.877395902
1995/1996,51,16,4/15/96,1996,11,5.6,298.5,0.915908264
1995/1996,52,17,4/22/96,1996,7,23.9,298.1285714,0.849944424
1996/1997,1,18,4/29/96,1996,4,11.7,297.7714286,0.839116719
1996/1997,2,19,5/6/96,1996,6,66.2,297.6357143,0.853405995
1996/1997,3,20,5/13/96,1996,5,22.9,298.7214286,0.829721362
1996/1997,4,21,5/20/96,1996,2,18.58,299.55,0.709537572
1996/1997,5,22,5/27/96,1996,4,26.61,299.1714286,0.777648428
1996/1997,6,23,6/3/96,1996,2,42.8,298.9214286,0.686303387
1996/1997,7,24,6/10/96,1996,4,68.2,298.5071429,0.903930131
1996/1997,8,25,6/17/96,1996,6,29.4,299.55,0.912663755
1996/1997,9,26,6/24/96,1996,6,23.9,299.7357143,0.914712154
1996/1997,10,27,7/1/96,1996,4,19.83,300.0357143,0.829166667
1996/1997,11,28,7/8/96,1996,6,108.4,299.1714286,0.802666667
1996/1997,12,29,7/15/96,1996,11,46,299.6285714,1
1996/1997,13,30,7/22/96,1996,16,39.1,299.5071429,1.209944751
1996/1997,14,31,7/29/96,1996,9,43.91,299.2642857,0.926910299
1996/1997,15,32,8/5/96,1996,12,52.5,299.6357143,0.982998454
1996/1997,16,33,8/12/96,1996,13,66.3,299.1428571,1.020887728
1996/1997,17,34,8/19/96,1996,27,36.3,299.8928571,1.208378088
1996/1997,18,35,8/26/96,1996,21,17.55,300.7214286,1.0243309
1996/1997,19,36,9/2/96,1996,19,45.44,300.1571429,0.997116771
1996/1997,20,37,9/9/96,1996,17,195.7,299.35,0.97856554
1996/1997,21,38,9/16/96,1996,24,21.92,300.2214286,1.025009332
1996/1997,22,39,9/23/96,1996,27,27,300.3,1.046908978
1996/1997,23,40,9/30/96,1996,30,21.6,300.15,1.056968464
1996/1997,24,41,10/7/96,1996,29,23.44,299.8857143,1.034195163
1996/1997,25,42,10/14/96,1996,25,9.5,300.3714286,0.998730964
1996/1997,26,43,10/21/96,1996,35,43,299.6214286,1.060322855
1996/1997,27,44,10/28/96,1996,33,73.32,299.0928571,1.036705079
1996/1997,28,45,11/4/96,1996,30,47.2,298.4214286,1.018434913
1996/1997,29,46,11/11/96,1996,29,254.45,298.6642857,0.992533027
1996/1997,30,47,11/18/96,1996,31,88.2,298.3285714,1.017579676
1996/1997,31,48,11/25/96,1996,29,21.67,297.8714286,1.014458606
1996/1997,32,49,12/2/96,1996,22,5.3,297.65,0.996944077
1996/1997,33,50,12/9/96,1996,27,39.7,297.1,0.996104674
1996/1997,34,51,12/16/96,1996,24,4.21,296.9642857,0.981111658
1996/1997,35,52,12/23/96,1996,26,39.62,297.6,0.977526968
1996/1997,36,1,1/1/97,1997,29,14.44,297.55,0.988046588
1996/1997,37,2,1/8/97,1997,22,10.09,297.6,0.979158153
1996/1997,38,3,1/15/97,1997,33,36.4,297.5714286,0.978024256
1996/1997,39,4,1/22/97,1997,24,69.7,296.9428571,0.953842919
1996/1997,40,5,1/29/97,1997,30,17.6,297.4571429,0.978217382
1996/1997,41,6,2/5/97,1997,20,44.18,297.3642857,0.948210713
1996/1997,42,7,2/12/97,1997,17,15.14,297.6642857,0.931751782
1996/1997,43,8,2/19/97,1997,24,17.8,297.3642857,0.948890298
1996/1997,44,9,2/26/97,1997,28,8.3,297.35,0.986351706
1996/1997,45,10,3/5/97,1997,18,13.4,297.3357143,0.937626263
1996/1997,46,11,3/12/97,1997,13,21.72,297.1428571,0.933067199
1996/1997,47,12,3/19/97,1997,9,2.1,298.1714286,0.91516601
1996/1997,48,13,3/26/97,1997,14,6,297.8285714,0.902349148
1996/1997,49,14,4/2/97,1997,11,18.83,296.3785714,0.919052488
1996/1997,50,15,4/9/97,1997,11,7.3,297.7928571,0.869754768
1996/1997,51,16,4/16/97,1997,19,17,299.0785714,0.926823892
1996/1997,52,17,4/23/97,1997,10,3.5,299.4642857,0.850300787
1997/1998,1,18,4/30/97,1997,8,1.9,299.4285714,0.895797842
1997/1998,2,19,5/7/97,1997,8,27,299.0857143,0.903640929
1997/1998,3,20,5/14/97,1997,9,10.1,299.3214286,0.858831476
1997/1998,4,21,5/21/97,1997,3,13.8,299.4285714,0.769667478
1997/1998,5,22,5/28/97,1997,7,42.3,299.0642857,0.836782969
1997/1998,6,23,6/4/97,1997,14,5.6,300.5071429,0.903248588
1997/1998,7,24,6/11/97,1997,4,8.4,300.5428571,0.844074844
1997/1998,8,25,6/18/97,1997,9,33.5,299.9928571,0.818577649
1997/1998,9,26,6/25/97,1997,14,13.7,300.5928571,0.870942201
1997/1998,10,27,7/2/97,1997,7,29.4,300.6,0.804932735
1997/1998,11,28,7/9/97,1997,9,32.1,300.1285714,0.735387046
1997/1998,12,29,7/16/97,1997,3,72.64,299.9285714,0.778904665
1997/1998,13,30,7/23/97,1997,3,31.1,300.4357143,0.77877095
1997/1998,14,31,7/30/97,1997,14,32.8,300.2785714,0.803571429
1997/1998,15,32,8/6/97,1997,12,44.99,299.8785714,0.793209877
1997/1998,16,33,8/13/97,1997,10,38,299.9571429,0.834782609
1997/1998,17,34,8/20/97,1997,21,39.9,300.2714286,0.935168739
1997/1998,18,35,8/27/97,1997,26,42.9,300.0571429,0.988801054
1997/1998,19,36,9/3/97,1997,47,35.5,300.9357143,1.334834835
1997/1998,20,37,9/10/97,1997,42,47.89,300.65,1.098783107
1997/1998,21,38,9/17/97,1997,31,39.8,300.4571429,0.984167518
1997/1998,22,39,9/24/97,1997,34,31.3,300.25,1.014761259
1997/1998,23,40,10/1/97,1997,33,25.6,300.7857143,1.006454944
1997/1998,24,41,10/8/97,1997,52,187.3,299.2785714,1.083504684
1997/1998,25,42,10/15/97,1997,56,18.84,299.9428571,1.082015897
1997/1998,26,43,10/22/97,1997,70,7.47,300.6142857,1.115944018
1997/1998,27,44,10/29/97,1997,112,10.2,300.0142857,1.24159751
1997/1998,28,45,11/5/97,1997,70,10.4,299.9071429,0.999305556
1997/1998,29,46,11/12/97,1997,47,47.1,299.2857143,0.952247807
1997/1998,30,47,11/19/97,1997,48,36.6,299.7785714,0.952938716
1997/1998,31,48,11/26/97,1997,49,12.2,299.6214286,0.942371351
1997/1998,32,49,12/3/97,1997,66,0.2,300.2571429,0.969302186
1997/1998,33,50,12/10/97,1997,56,4.1,299.7357143,0.96652602
1997/1998,34,51,12/17/97,1997,61,18.1,299.1071429,0.972320732
1997/1998,35,52,12/24/97,1997,67,1.64,299.9357143,0.982257384
1997/1998,36,1,1/1/98,1998,64,73.6,298.3357143,0.967145669
1997/1998,37,2,1/8/98,1998,68,30.2,297.9785714,0.9689416
1997/1998,38,3,1/15/98,1998,49,2,298.9285714,0.931128912
1997/1998,39,4,1/22/98,1998,50,16.4,298.8428571,0.871280358
1997/1998,40,5,1/29/98,1998,56,11.7,298.9714286,0.961494518
1997/1998,41,6,2/5/98,1998,75,14.8,298.6857143,1.027683946
1997/1998,42,7,2/12/98,1998,63,3,298.3571429,1.00334198
1997/1998,43,8,2/19/98,1998,62,3,298.8714286,1.000719845
1997/1998,44,9,2/26/98,1998,41,9.3,298.0071429,0.954180012
1997/1998,45,10,3/5/98,1998,50,41.48,298.0428571,0.975151543
1997/1998,46,11,3/12/98,1998,34,3.2,298.65,0.949419997
1997/1998,47,12,3/19/98,1998,31,19.2,298.7428571,0.934484396
1997/1998,48,13,3/26/98,1998,38,48.1,297.8428571,0.939604856
1997/1998,49,14,4/2/98,1998,30,16,298.5142857,0.918323927
1997/1998,50,15,4/9/98,1998,32,19.8,298.0928571,0.95311618
1997/1998,51,16,4/16/98,1998,26,25,298.5071429,0.942484342
1997/1998,52,17,4/23/98,1998,30,13.6,299.8357143,0.9313048
1998/1999,1,18,4/30/98,1998,36,16.1,299.2428571,0.889262561
1998/1999,2,19,5/7/98,1998,35,11.5,299.7785714,0.908161761
1998/1999,3,20,5/14/98,1998,46,58,300.0285714,0.919293463
1998/1999,4,21,5/21/98,1998,48,69.7,299.7571429,0.998299641
1998/1999,5,22,5/28/98,1998,44,21.9,300.0857143,0.964367955
1998/1999,6,23,6/4/98,1998,51,24,300.6285714,1.032626427
1998/1999,7,24,6/11/98,1998,59,29.9,300.4285714,1.059253293
1998/1999,8,25,6/18/98,1998,71,53.44,300.2428571,1.07642064
1998/1999,9,26,6/25/98,1998,102,29.8,300.9,1.171319149
1998/1999,10,27,7/2/98,1998,128,66.11,300,1.200521149
1998/1999,11,28,7/9/98,1998,127,14.92,300.5285714,1.138160615
1998/1999,12,29,7/16/98,1998,150,121.72,300,1.148847486
1998/1999,13,30,7/23/98,1998,191,89.47,300.0357143,1.181099781
1998/1999,14,31,7/30/98,1998,256,16.9,301.1357143,1.231505282
1998/1999,15,32,8/6/98,1998,329,70.3,300.3285714,1.249971608
1998/1999,16,33,8/13/98,1998,263,66,300.3071429,1.083896261
1998/1999,17,34,8/20/98,1998,220,89.1,300.6714286,1.037160907
1998/1999,18,35,8/27/98,1998,204,61.2,300.6642857,1.023424266
1998/1999,19,36,9/3/98,1998,181,68.48,300.2285714,1.009860572
1998/1999,20,37,9/10/98,1998,99,36.95,300.5071429,0.976350965
1998/1999,21,38,9/17/98,1998,54,151.2,300.2785714,0.962645207
1998/1999,22,39,9/24/98,1998,80,14.9,300.8357143,0.959394298
1998/1999,23,40,10/1/98,1998,102,32.6,300.7,0.962617676
1998/1999,24,41,10/8/98,1998,127,22.6,300.7285714,0.961329737
1998/1999,25,42,10/15/98,1998,73,54.4,300.0571429,0.931734449
1998/1999,26,43,10/22/98,1998,68,87.8,300.0142857,0.895961622
1998/1999,27,44,10/29/98,1998,64,68.1,299.7357143,0.82486017
1998/1999,28,45,11/5/98,1998,55,87.6,299.6071429,0.836376642
1998/1999,29,46,11/12/98,1998,67,90.5,299.2428571,0.842556105
1998/1999,30,47,11/19/98,1998,84,80.47,298.6857143,0.826633237
1998/1999,31,48,11/26/98,1998,85,156.7,298.1714286,0.815276091
1998/1999,32,49,12/3/98,1998,67,95.42,298.5357143,0.920742631
1998/1999,33,50,12/10/98,1998,73,6.3,299.3071429,0.978971411
1998/1999,34,51,12/17/98,1998,89,34.3,298.8714286,0.976614288
1998/1999,35,52,12/24/98,1998,68,32.22,298.5,0.931761446
1998/1999,36,1,1/1/99,1999,59,12.9,298.6785714,0.883918963
1998/1999,37,2,1/8/99,1999,56,16.9,298.2428571,0.968421735
1998/1999,38,3,1/15/99,1999,77,24.52,297.8857143,0.993159089
1998/1999,39,4,1/22/99,1999,75,38.05,297.3714286,0.995246711
1998/1999,40,5,1/29/99,1999,47,9.8,296.3,0.970912416
1998/1999,41,6,2/5/99,1999,50,3.1,297.4214286,0.962089314
1998/1999,42,7,2/12/99,1999,42,20.14,296.3142857,0.934967408
1998/1999,43,8,2/19/99,1999,28,10.28,297.1285714,0.91623027
1998/1999,44,9,2/26/99,1999,37,2.32,297.95,0.942227616
1998/1999,45,10,3/5/99,1999,37,5.9,297.7785714,0.929193436
1998/1999,46,11,3/12/99,1999,27,0.5,298.1857143,0.884527523
1998/1999,47,12,3/19/99,1999,12,10.4,298.1785714,0.903427907
1998/1999,48,13,3/26/99,1999,15,8.1,298.8142857,0.910844037
1998/1999,49,14,4/2/99,1999,22,16.3,297.3714286,0.910522437
1998/1999,50,15,4/9/99,1999,8,5.66,298.5857143,0.836107388
1998/1999,51,16,4/16/99,1999,15,5.25,299.4785714,0.79259817
1998/1999,52,17,4/23/99,1999,17,10,299.0214286,0.877717849
1999/2000,1,18,4/30/99,1999,10,10.08,299.7357143,0.827971044
1999/2000,2,19,5/7/99,1999,9,29.6,298.9142857,0.824940366
1999/2000,3,20,5/14/99,1999,11,7.4,300.5642857,0.87804878
1999/2000,4,21,5/21/99,1999,20,14.44,300.3214286,0.833076923
1999/2000,5,22,5/28/99,1999,13,12.9,300.3714286,0.76175845
1999/2000,6,23,6/4/99,1999,11,31.62,300.0285714,0.780930386
1999/2000,7,24,6/11/99,1999,16,45.9,299.9285714,0.915806851
1999/2000,8,25,6/18/99,1999,11,63.39,299.7428571,0.873767258
1999/2000,9,26,6/25/99,1999,7,29.54,299.9428571,0.807075278
1999/2000,10,27,7/2/99,1999,17,60.1,299.8571429,0.954408818
1999/2000,11,28,7/9/99,1999,14,75,299.5857143,0.910850968
1999/2000,12,29,7/16/99,1999,13,49.52,299.8571429,0.88959854
1999/2000,13,30,7/23/99,1999,15,18.55,300.5142857,0.953185328
1999/2000,14,31,7/30/99,1999,30,53.04,300.1214286,1.062812927
1999/2000,15,32,8/6/99,1999,25,43.4,300.25,0.99005305
1999/2000,16,33,8/13/99,1999,40,47.7,300.3357143,1.069886364
1999/2000,17,34,8/20/99,1999,44,58.1,300.3357143,1.115677966
1999/2000,18,35,8/27/99,1999,25,38.64,300.3071429,0.959303222
1999/2000,19,36,9/3/99,1999,21,30.07,301.0428571,0.940065799
1999/2000,20,37,9/10/99,1999,48,34.56,300.8714286,1.031772575
1999/2000,21,38,9/17/99,1999,56,22.7,300.9214286,1.070092959
1999/2000,22,39,9/24/99,1999,60,66.66,300.3,1.065081151
1999/2000,23,40,10/1/99,1999,45,32.13,300.1928571,0.99752491
1999/2000,24,41,10/8/99,1999,55,47.81,299.8642857,1.024166951
1999/2000,25,42,10/15/99,1999,32,114.7,299.9571429,0.957636239
1999/2000,26,43,10/22/99,1999,46,46.3,300.35,0.969728356
1999/2000,27,44,10/29/99,1999,61,30.19,299.5,1.00877232
1999/2000,28,45,11/5/99,1999,42,80.13,299.2,0.947677376
1999/2000,29,46,11/12/99,1999,37,172.78,299.1857143,0.933623673
1999/2000,30,47,11/19/99,1999,43,39.5,298.7571429,0.974194831
1999/2000,31,48,11/26/99,1999,34,77.73,298.4571429,0.964510503
1999/2000,32,49,12/3/99,1999,40,40.59,297.2642857,0.952046956
1999/2000,33,50,12/10/99,1999,25,3.5,297.25,0.913473565
1999/2000,34,51,12/17/99,1999,16,26.23,297.85,0.885565888
1999/2000,35,52,12/24/99,1999,17,25.14,297.7857143,0.911544082
1999/2000,36,1,1/1/00,2000,17,58.9,297.6,0.879429605
1999/2000,37,2,1/8/00,2000,16,6.2,297.7857143,0.936604808
1999/2000,38,3,1/15/00,2000,23,12.2,295.1642857,0.911445389
1999/2000,39,4,1/22/00,2000,18,2.22,298.0285714,0.842443261
1999/2000,40,5,1/29/00,2000,18,2.1,297.5428571,0.902969144
1999/2000,41,6,2/5/00,2000,9,2.1,298.0642857,0.892623506
1999/2000,42,7,2/12/00,2000,7,5.2,297.6785714,0.84270256
1999/2000,43,8,2/19/00,2000,7,22.52,296.9214286,0.860678435
1999/2000,44,9,2/26/00,2000,4,3.7,296.0571429,0.779490473
1999/2000,45,10,3/4/00,2000,3,3,296.4142857,0.859410431
1999/2000,46,11,3/11/00,2000,2,5.09,297.1357143,0.914204775
1999/2000,47,12,3/18/00,2000,8,6.7,296.4571429,0.902658855
1999/2000,48,13,3/25/00,2000,3,17.04,297.5,0.871614845
1999/2000,49,14,4/1/00,2000,1,4.3,297.6857143,0.85705951
1999/2000,50,15,4/8/00,2000,1,13.7,297.9785714,0.755311857
1999/2000,51,16,4/15/00,2000,2,5.6,298.2285714,0.741138561
1999/2000,52,17,4/22/00,2000,3,3.8,298.8785714,0.608837971
2000/2001,1,18,4/29/00,2000,3,11.45,298.5285714,0.739864865
2000/2001,2,19,5/6/00,2000,2,17.46,298.5428571,0.723214286
2000/2001,3,20,5/13/00,2000,0,12.9,299.2785714,0.631284916
2000/2001,4,21,5/20/00,2000,0,4.4,299.4785714,0.653846154
2000/2001,5,22,5/27/00,2000,2,22.75,299.2071429,0.640350877
2000/2001,6,23,6/3/00,2000,2,3.2,300.1785714,0.651376147
2000/2001,7,24,6/10/00,2000,0,40.53,299.2071429,0.504587156
2000/2001,8,25,6/17/00,2000,6,17.01,299.9571429,0.688888889
2000/2001,9,26,6/24/00,2000,3,14.52,299.9714286,0.638888889
2000/2001,10,27,7/1/00,2000,6,21.1,299.9571429,0.7875
2000/2001,11,28,7/8/00,2000,2,12.6,300.4428571,0.634782609
2000/2001,12,29,7/15/00,2000,3,32.38,300.0642857,0.634782609
2000/2001,13,30,7/22/00,2000,2,12.2,300.4142857,0.608695652
2000/2001,14,31,7/29/00,2000,4,71.6,299.7357143,0.654545455
2000/2001,15,32,8/5/00,2000,5,33.16,300.3142857,0.754098361
2000/2001,16,33,8/12/00,2000,2,28.68,300.7214286,0.693877551
2000/2001,17,34,8/19/00,2000,9,80.08,300.25,0.794701987
2000/2001,18,35,8/26/00,2000,2,30.2,300.4214286,0.587719298
2000/2001,19,36,9/2/00,2000,4,21.7,300.5642857,0.622807018
2000/2001,20,37,9/9/00,2000,8,9.49,301.4571429,0.713114754
2000/2001,21,38,9/16/00,2000,6,80.7,299.7571429,0.75
2000/2001,22,39,9/23/00,2000,3,34.8,300.2928571,0.682274247
2000/2001,23,40,9/30/00,2000,11,21.7,300.2857143,0.827205882
2000/2001,24,41,10/7/00,2000,14,14.1,300.2857143,0.958868895
2000/2001,25,42,10/14/00,2000,15,11.42,300.2857143,1.001736111
2000/2001,26,43,10/21/00,2000,20,23.3,300.0714286,1.09033877
2000/2001,27,44,10/28/00,2000,9,36.4,299.6285714,0.871295512
2000/2001,28,45,11/4/00,2000,20,2.1,299.1857143,0.969280517
2000/2001,29,46,11/11/00,2000,28,2.5,299.3714286,1.066135946
2000/2001,30,47,11/18/00,2000,38,20.58,299.65,1.193065068
2000/2001,31,48,11/25/00,2000,30,15.7,299.65,1.037870763
2000/2001,32,49,12/2/00,2000,30,1.09,299.8214286,1.027253219
2000/2001,33,50,12/9/00,2000,23,13.49,299.1428571,0.987809316
2000/2001,34,51,12/16/00,2000,16,38.64,297.9571429,0.964935715
2000/2001,35,52,12/23/00,2000,22,1.3,298.4785714,0.97787043
2000/2001,36,1,1/1/01,2001,28,1,298.7142857,0.994090014
2000/2001,37,2,1/8/01,2001,14,1.1,298.1928571,0.938082649
2000/2001,38,3,1/15/01,2001,17,9.04,298.0571429,0.93322157
2000/2001,39,4,1/22/01,2001,20,16,298.4714286,0.970625798
2000/2001,40,5,1/29/01,2001,17,25.16,297.7857143,0.950312245
2000/2001,41,6,2/5/01,2001,10,21.18,298.1142857,0.911095796
2000/2001,42,7,2/12/01,2001,13,7.72,298.0214286,0.863795465
2000/2001,43,8,2/19/01,2001,20,25.09,297.4857143,0.905589124
2000/2001,44,9,2/26/01,2001,9,1.3,297.0357143,0.849874896
2000/2001,45,10,3/5/01,2001,18,10.5,298.8714286,0.892129746
2000/2001,46,11,3/12/01,2001,9,1.69,298.6214286,0.886002121
2000/2001,47,12,3/19/01,2001,8,20.65,297.8714286,0.851264943
2000/2001,48,13,3/26/01,2001,19,4.25,299.0142857,0.817752597
2000/2001,49,14,4/2/01,2001,11,20.7,298.4642857,0.876906318
2000/2001,50,15,4/9/01,2001,4,6.49,298.2928571,0.829040687
2000/2001,51,16,4/16/01,2001,6,15.66,298.8928571,0.791770574
2000/2001,52,17,4/23/01,2001,6,12.63,298.2571429,0.78403526
2001/2002,1,18,4/30/01,2001,8,9.1,299.4285714,0.826718837
2001/2002,2,19,5/7/01,2001,13,88.8,299.1571429,0.828864803
2001/2002,3,20,5/14/01,2001,8,1.8,299.9357143,0.739874501
2001/2002,4,21,5/21/01,2001,8,5.2,299.8714286,0.833450953
2001/2002,5,22,5/28/01,2001,5,8.25,299.9214286,0.756428571
2001/2002,6,23,6/4/01,2001,16,7.8,300.2785714,0.887375114
2001/2002,7,24,6/11/01,2001,12,4.2,299.8785714,0.859717868
2001/2002,8,25,6/18/01,2001,11,7.62,300.5428571,0.794247788
2001/2002,9,26,6/25/01,2001,18,29.37,300.1928571,0.955197133
2001/2002,10,27,7/2/01,2001,10,20.8,300.7357143,0.911296437
2001/2002,11,28,7/9/01,2001,22,18.1,300.1642857,0.996436208
2001/2002,12,29,7/16/01,2001,14,16.31,300.7071429,0.902215019
2001/2002,13,30,7/23/01,2001,16,48.87,300.4,0.917951268
2001/2002,14,31,7/30/01,2001,18,28.4,300.7571429,0.921470722
2001/2002,15,32,8/6/01,2001,27,58.98,300.7428571,1.022900763
2001/2002,16,33,8/13/01,2001,38,64.6,300.7785714,1.116109825
2001/2002,17,34,8/20/01,2001,35,42.5,300.7428571,1.059277765
2001/2002,18,35,8/27/01,2001,41,19.6,300.8714286,1.07424594
2001/2002,19,36,9/3/01,2001,51,15.5,300.8285714,1.126636312
2001/2002,20,37,9/10/01,2001,65,14.2,301.0214286,1.170374275
2001/2002,21,38,9/17/01,2001,55,19.89,300.8,1.065420561
2001/2002,22,39,9/24/01,2001,54,17.6,301.1571429,1.060036832
2001/2002,23,40,10/1/01,2001,62,37.2,300.9857143,1.067518057
2001/2002,24,41,10/8/01,2001,64,23.1,300.5428571,1.070773613
2001/2002,25,42,10/15/01,2001,56,60.48,300.0928571,1.039824016
2001/2002,26,43,10/22/01,2001,65,20.91,300.4071429,1.052041305
2001/2002,27,44,10/29/01,2001,71,19.86,300.2,1.052795125
2001/2002,28,45,11/5/01,2001,75,135.23,299.3928571,1.046370699
2001/2002,29,46,11/12/01,2001,71,15.9,299.8214286,1.037247839
2001/2002,30,47,11/19/01,2001,72,9.41,299.1928571,1.031063006
2001/2002,31,48,11/26/01,2001,47,11.8,298.1071429,0.983700647
2001/2002,32,49,12/3/01,2001,27,33.34,299.0571429,0.949513044
2001/2002,33,50,12/10/01,2001,35,84.34,298.4714286,0.964811076
2001/2002,34,51,12/17/01,2001,25,53.11,298.5785714,0.956529777
2001/2002,35,52,12/24/01,2001,19,2.19,298.1785714,0.939897511
2001/2002,36,1,1/1/02,2002,37,13.8,298.5071429,0.940128544
2001/2002,37,2,1/8/02,2002,38,1.21,298.5571429,0.951222318
2001/2002,38,3,1/15/02,2002,34,12.44,298.5142857,0.928895338
2001/2002,39,4,1/22/02,2002,26,10.8,298.35,0.899563464
2001/2002,40,5,1/29/02,2002,19,24,297.8142857,0.864295742
2001/2002,41,6,2/5/02,2002,18,3.6,298.0642857,0.843032385
2001/2002,42,7,2/12/02,2002,22,3.9,298.2428571,0.795824555
2001/2002,43,8,2/19/02,2002,16,12.8,297.2357143,0.860439661
2001/2002,44,9,2/26/02,2002,18,7.8,297.1142857,0.938068812
2001/2002,45,10,3/5/02,2002,6,11.8,297.7285714,0.88495061
2001/2002,46,11,3/12/02,2002,12,0.6,298.0785714,0.918554477
2001/2002,47,12,3/19/02,2002,6,2.2,298.4785714,0.924152848
2001/2002,48,13,3/26/02,2002,6,17.8,298.3285714,0.868683812
2001/2002,49,14,4/2/02,2002,3,55.1,298.4428571,0.825090013
2001/2002,50,15,4/9/02,2002,7,22.4,297.0285714,0.802446642
2001/2002,51,16,4/16/02,2002,6,31,298.0714286,0.819378428
2001/2002,52,17,4/23/02,2002,1,18,298.4785714,0.836754177
2002/2003,1,18,4/30/02,2002,3,11,299.0928571,0.814985591
2002/2003,2,19,5/7/02,2002,2,9.3,299.1142857,0.721126761
2002/2003,3,20,5/14/02,2002,2,5.5,299.85,0.719148936
2002/2003,4,21,5/21/02,2002,1,8.2,299.9,0.566860465
2002/2003,5,22,5/28/02,2002,10,15.65,299.6642857,0.8
2002/2003,6,23,6/4/02,2002,3,17.55,299.9642857,0.582750583
2002/2003,7,24,6/11/02,2002,3,15.73,300.2071429,0.636054422
2002/2003,8,25,6/18/02,2002,1,24.1,299.95,0.576779026
2002/2003,9,26,6/25/02,2002,1,10.8,300.55,0.590517241
2002/2003,10,27,7/2/02,2002,2,11.65,300.1285714,0.526785714
2002/2003,11,28,7/9/02,2002,6,10.3,300.5857143,0.491620112
2002/2003,12,29,7/16/02,2002,3,7.09,300.6785714,0.558659218
2002/2003,13,30,7/23/02,2002,3,47.12,300.5285714,0.56684492
2002/2003,14,31,7/30/02,2002,5,9.36,301.2,0.614973262
2002/2003,15,32,8/6/02,2002,4,23.78,300.9857143,0.629807692
2002/2003,16,33,8/13/02,2002,7,39.62,300.8357143,0.713636364
2002/2003,17,34,8/20/02,2002,6,15,301.2571429,0.705223881
2002/2003,18,35,8/27/02,2002,5,46.4,300.7928571,0.926470588
2002/2003,19,36,9/3/02,2002,7,10.9,301.4071429,0.977272727
2002/2003,20,37,9/10/02,2002,6,27.5,301.2285714,0.976923077
2002/2003,21,38,9/17/02,2002,4,13.4,301.1071429,0.938983051
2002/2003,22,39,9/24/02,2002,4,20,301.1571429,0.938709677
2002/2003,23,40,10/1/02,2002,7,25.5,300.7071429,0.953416149
2002/2003,24,41,10/8/02,2002,9,23.5,300.6,1.050746269
2002/2003,25,42,10/15/02,2002,5,27,300.5285714,0.953316953
2002/2003,26,43,10/22/02,2002,5,34.7,300.55,0.940898345
2002/2003,27,44,10/29/02,2002,10,9.5,300.65,1.011820331
2002/2003,28,45,11/5/02,2002,6,7.6,300.7571429,0.90729783
2002/2003,29,46,11/12/02,2002,13,32.3,299.8857143,1.004048583
2002/2003,30,47,11/19/02,2002,6,22.77,300.1285714,0.867623604
2002/2003,31,48,11/26/02,2002,5,5.9,300.3142857,0.844827586
2002/2003,32,49,12/3/02,2002,5,7.45,299.9285714,0.850162866
2002/2003,33,50,12/10/02,2002,9,8.3,299.6,0.900497512
2002/2003,34,51,12/17/02,2002,3,19.7,298.8071429,0.829341317
2002/2003,35,52,12/24/02,2002,6,2.5,299.1,0.822995461
2002/2003,36,1,1/1/03,2003,11,29.1,298.8142857,0.844135802
2002/2003,37,2,1/8/03,2003,7,2.7,299.1357143,0.841569767
2002/2003,38,3,1/15/03,2003,7,7,299.2214286,0.846910112
2002/2003,39,4,1/22/03,2003,15,28.7,298.3571429,0.894021739
2002/2003,40,5,1/29/03,2003,9,38.3,298.0857143,0.851335656
2002/2003,41,6,2/5/03,2003,6,15,298.7071429,0.782560706
2002/2003,42,7,2/12/03,2003,6,8.9,299.0428571,0.862871928
2002/2003,43,8,2/19/03,2003,6,6.9,298.8214286,0.870633894
2002/2003,44,9,2/26/03,2003,7,0.4,299.0571429,0.880102041
2002/2003,45,10,3/5/03,2003,10,2.6,299.2428571,0.88490099
2002/2003,46,11,3/12/03,2003,8,1.8,299.0857143,0.928657799
2002/2003,47,12,3/19/03,2003,7,7.3,299.05,0.9138322
2002/2003,48,13,3/26/03,2003,12,10.3,298.8214286,0.920670391
2002/2003,49,14,4/2/03,2003,3,45.84,298.4428571,0.852941176
2002/2003,50,15,4/9/03,2003,2,21.3,298.8214286,0.842824601
2002/2003,51,16,4/16/03,2003,7,115.2,298.2857143,0.779111645
2002/2003,52,17,4/23/03,2003,5,8.9,299.8,0.835616438
2003/2004,1,18,4/30/03,2003,5,4,300.0785714,0.865224626
2003/2004,2,19,5/7/03,2003,7,5.5,299.7857143,0.879661017
2003/2004,3,20,5/14/03,2003,7,17.16,299.6357143,0.88225539
2003/2004,4,21,5/21/03,2003,7,24.6,299.8428571,0.875
2003/2004,5,22,5/28/03,2003,7,8.1,300.1857143,0.840909091
2003/2004,6,23,6/4/03,2003,10,14.2,299.9571429,0.899115044
2003/2004,7,24,6/11/03,2003,13,22.41,299.9642857,0.968386023
2003/2004,8,25,6/18/03,2003,10,19,300.1785714,0.871012483
2003/2004,9,26,6/25/03,2003,14,10.3,300.4285714,1.081240768
2003/2004,10,27,7/2/03,2003,11,45.34,299.9857143,1.018518519
2003/2004,11,28,7/9/03,2003,20,16,300.3785714,1.107033639
2003/2004,12,29,7/16/03,2003,25,32.7,300.4071429,1.164414414
2003/2004,13,30,7/23/03,2003,17,26.3,300.4714286,1.009834369
2003/2004,14,31,7/30/03,2003,18,22.1,300.5571429,1.011839709
2003/2004,15,32,8/6/03,2003,25,29.4,300.6,1.061513557
2003/2004,16,33,8/13/03,2003,21,32.4,300.8571429,1.017065967
2003/2004,17,34,8/20/03,2003,31,51.06,300.6785714,1.076184937
2003/2004,18,35,8/27/03,2003,32,65.6,300.7714286,1.062514365
2003/2004,19,36,9/3/03,2003,26,9.3,301.3,1.009478673
2003/2004,20,37,9/10/03,2003,35,14,301.4142857,1.055863023
2003/2004,21,38,9/17/03,2003,28,27.59,300.8357143,1.005501665
2003/2004,22,39,9/24/03,2003,37,10,301.3428571,1.044296197
2003/2004,23,40,10/1/03,2003,41,5.3,301.2214286,1.043577719
2003/2004,24,41,10/8/03,2003,34,98.6,300.7285714,0.999401437
2003/2004,25,42,10/15/03,2003,30,12.6,301.2071429,1.005495026
2003/2004,26,43,10/22/03,2003,39,16.18,300.9714286,1.027852409
2003/2004,27,44,10/29/03,2003,39,49.2,300.2571429,1.014964006
2003/2004,28,45,11/5/03,2003,39,118.2,299.8428571,1.021494834
2003/2004,29,46,11/12/03,2003,34,143.24,299.2785714,0.991631216
2003/2004,30,47,11/19/03,2003,30,37.2,298.7142857,0.980253199
2003/2004,31,48,11/26/03,2003,37,8.56,299.4,1.007980569
2003/2004,32,49,12/3/03,2003,29,54.5,298.9285714,0.972522015
2003/2004,33,50,12/10/03,2003,26,8.58,298.8642857,0.982539575
2003/2004,34,51,12/17/03,2003,15,8.94,299.1428571,0.94558894
2003/2004,35,52,12/24/03,2003,22,21.4,297.7785714,0.937773817
2003/2004,36,1,1/1/04,2004,15,32.7,297.7642857,0.942542787
2003/2004,37,2,1/8/04,2004,20,6.4,298.0285714,0.956433548
2003/2004,38,3,1/15/04,2004,14,1.7,298.0142857,0.918442661
2003/2004,39,4,1/22/04,2004,10,1.6,297.7071429,0.901198234
2003/2004,40,5,1/29/04,2004,21,3.54,298.3642857,0.897442234
2003/2004,41,6,2/5/04,2004,14,3.5,298.4642857,0.888492799
2003/2004,42,7,2/12/04,2004,14,5.92,298.5571429,0.893276061
2003/2004,43,8,2/19/04,2004,9,15.5,297.8642857,0.82688353
2003/2004,44,9,2/26/04,2004,11,19.07,297.8,0.849298202
2003/2004,45,10,3/4/04,2004,5,4.51,297.9928571,0.823106854
2003/2004,46,11,3/11/04,2004,6,14.9,298.5357143,0.888475836
2003/2004,47,12,3/18/04,2004,7,13.3,298.3357143,0.840463814
2003/2004,48,13,3/25/04,2004,11,79.4,296.7571429,0.894966118
2003/2004,49,14,4/1/04,2004,4,8.5,298.5071429,0.811926606
2003/2004,50,15,4/8/04,2004,3,2,298.9142857,0.839670469
2003/2004,51,16,4/15/04,2004,2,16.8,299.05,0.856218548
2003/2004,52,17,4/22/04,2004,6,10.56,299.4071429,0.766795367
2004/2005,1,18,4/29/04,2004,10,31.66,298.95,0.852808989
2004/2005,2,19,5/6/04,2004,7,51.3,298.7,0.797229219
2004/2005,3,20,5/13/04,2004,5,64.8,298.2571429,0.837712519
2004/2005,4,21,5/20/04,2004,3,79.1,298.9642857,0.774957699
2004/2005,5,22,5/27/04,2004,12,5.26,300.1214286,0.916492693
2004/2005,6,23,6/3/04,2004,13,37.57,299.7428571,0.944816054
2004/2005,7,24,6/10/04,2004,10,10.5,300.2,0.893296854
2004/2005,8,25,6/17/04,2004,13,26.1,300.8357143,0.902813299
2004/2005,9,26,6/24/04,2004,13,36.4,300.5571429,1.001204819
2004/2005,10,27,7/1/04,2004,8,36.73,300.3142857,0.93896236
2004/2005,11,28,7/8/04,2004,21,26.86,300.5142857,1.045279383
2004/2005,12,29,7/15/04,2004,18,21.86,300.4285714,0.983728814
2004/2005,13,30,7/22/04,2004,8,34.6,300.3071429,0.870674986
2004/2005,14,31,7/29/04,2004,7,17,300.8928571,0.880718008
2004/2005,15,32,8/5/04,2004,20,16.8,301.2,0.941517082
2004/2005,16,33,8/12/04,2004,14,46.4,300.7785714,0.89961941
2004/2005,17,34,8/19/04,2004,14,14.87,301.0071429,0.896024465
2004/2005,18,35,8/26/04,2004,7,28,301.0142857,0.851345579
2004/2005,19,36,9/2/04,2004,14,28.5,300.9285714,0.882935615
2004/2005,20,37,9/9/04,2004,10,183.1,300.8,0.850668968
2004/2005,21,38,9/16/04,2004,13,86.52,300.4214286,0.859430605
2004/2005,22,39,9/23/04,2004,27,12.4,301.1071429,0.96930605
2004/2005,23,40,9/30/04,2004,13,41.5,300.6285714,0.810847923
2004/2005,24,41,10/7/04,2004,18,37.3,300.8,0.839833396
2004/2005,25,42,10/14/04,2004,16,15.9,300.6928571,0.894358198
2004/2005,26,43,10/21/04,2004,16,16.8,300.0642857,0.904341687
2004/2005,27,44,10/28/04,2004,20,46.6,299.7642857,0.901973684
2004/2005,28,45,11/4/04,2004,17,49.6,299.7,0.921710526
2004/2005,29,46,11/11/04,2004,4,111.4,298.4571429,0.853495053
2004/2005,30,47,11/18/04,2004,15,18.71,298.5928571,0.892651541
2004/2005,31,48,11/25/04,2004,8,2.8,298.6714286,0.849472675
2004/2005,32,49,12/2/04,2004,6,13.7,298.5428571,0.856189523
2004/2005,33,50,12/9/04,2004,12,48.32,298.9142857,0.85509717
2004/2005,34,51,12/16/04,2004,15,13,299.0071429,0.803645117
2004/2005,35,52,12/23/04,2004,11,5.48,298.2428571,0.894758735
2004/2005,36,1,1/1/05,2005,10,23.9,297.5214286,0.860356537
2004/2005,37,2,1/8/05,2005,15,93.3,297.4857143,0.886022514
2004/2005,38,3,1/15/05,2005,17,43.51,296.9928571,0.898619705
2004/2005,39,4,1/22/05,2005,7,22,296.4428571,0.790534208
2004/2005,40,5,1/29/05,2005,7,11.4,296.0857143,0.782950084
2004/2005,41,6,2/5/05,2005,8,4.8,296.3142857,0.896953986
2004/2005,42,7,2/12/05,2005,9,12,296.6071429,0.877435575
2004/2005,43,8,2/19/05,2005,12,8.6,296.7428571,0.956461645
2004/2005,44,9,2/26/05,2005,12,1.02,298.2428571,0.969220694
2004/2005,45,10,3/5/05,2005,5,3.3,297.8142857,0.897859327
2004/2005,46,11,3/12/05,2005,4,0,298.3,0.862796834
2004/2005,47,12,3/19/05,2005,11,0.4,299.1071429,0.908186687
2004/2005,48,13,3/26/05,2005,4,6.7,299.1785714,0.857689365
2004/2005,49,14,4/2/05,2005,5,13,299.3214286,0.810302535
2004/2005,50,15,4/9/05,2005,7,14.2,299.9285714,0.753665689
2004/2005,51,16,4/16/05,2005,1,35.4,299.3857143,0.841634738
2004/2005,52,17,4/23/05,2005,1,72.1,299.5642857,0.831292517
2005/2006,1,18,4/30/05,2005,4,5.71,299.6357143,0.813682678
2005/2006,2,19,5/7/05,2005,2,37.3,299.7214286,0.774647887
2005/2006,3,20,5/14/05,2005,6,190.9,298.9571429,0.709964413
2005/2006,4,21,5/21/05,2005,3,30.05,300.75,0.601321586
2005/2006,5,22,5/28/05,2005,4,10.14,301.2285714,0.705329154
2005/2006,6,23,6/4/05,2005,10,7.4,300.4928571,0.790322581
2005/2006,7,24,6/11/05,2005,12,11.6,300.6071429,0.814720812
2005/2006,8,25,6/18/05,2005,21,13.4,301.5285714,1.268585132
2005/2006,9,26,6/25/05,2005,26,28.89,301.0857143,1.252969121
2005/2006,10,27,7/2/05,2005,21,49,300.9357143,1.048894843
2005/2006,11,28,7/9/05,2005,30,37.78,300.6714286,1.16127321
2005/2006,12,29,7/16/05,2005,45,40.1,300.8428571,1.270833333
2005/2006,13,30,7/23/05,2005,56,40.43,301.1571429,1.259151414
2005/2006,14,31,7/30/05,2005,75,25.1,301.2642857,1.292381433
2005/2006,15,32,8/6/05,2005,83,9.2,301.3928571,1.214775998
2005/2006,16,33,8/13/05,2005,82,36.7,301.3,1.139447113
2005/2006,17,34,8/20/05,2005,126,31,301.2785714,1.23785817
2005/2006,18,35,8/27/05,2005,119,9,301.5714286,1.128999232
2005/2006,19,36,9/3/05,2005,137,6.9,301.8357143,1.134401627
2005/2006,20,37,9/10/05,2005,131,18.3,301.8142857,1.08902634
2005/2006,21,38,9/17/05,2005,112,31.2,301.3214286,1.044835089
2005/2006,22,39,9/24/05,2005,82,20.8,301.5142857,1.008748118
2005/2006,23,40,10/1/05,2005,73,38.9,300.6071429,0.999864295
2005/2006,24,41,10/8/05,2005,43,53.2,300.0214286,0.976905613
2005/2006,25,42,10/15/05,2005,55,28.8,301.1071429,0.977053151
2005/2006,26,43,10/22/05,2005,55,60.5,300.7571429,0.967752625
2005/2006,27,44,10/29/05,2005,53,19.59,300.9571429,0.960669546
2005/2006,28,45,11/5/05,2005,46,26.9,300.2785714,0.956516908
2005/2006,29,46,11/12/05,2005,43,118.81,299.3857143,0.918346423
2005/2006,30,47,11/19/05,2005,29,19.43,299.4428571,0.908662616
2005/2006,31,48,11/26/05,2005,22,25.92,298.6714286,0.861824542
2005/2006,32,49,12/3/05,2005,26,15,299.05,0.833835446
2005/2006,33,50,12/10/05,2005,13,15.3,298.8357143,0.819582758
2005/2006,34,51,12/17/05,2005,17,11.34,298.7428571,0.860395903
2005/2006,35,52,12/24/05,2005,8,1.19,298.8928571,0.846444949
2005/2006,36,1,1/1/06,2006,13,6.47,298.6214286,0.929111421
2005/2006,37,2,1/8/06,2006,10,30.4,298.6357143,0.885666409
2005/2006,38,3,1/15/06,2006,17,32.4,298.3214286,0.864665237
2005/2006,39,4,1/22/06,2006,19,14.2,298.0642857,0.841704718
2005/2006,40,5,1/29/06,2006,9,9.29,297.4785714,0.81382476
2005/2006,41,6,2/5/06,2006,9,11.47,298.1428571,0.768987342
2005/2006,42,7,2/12/06,2006,9,6.8,298.3928571,0.822697003
2005/2006,43,8,2/19/06,2006,3,1.3,298.4571429,0.827707454
2005/2006,44,9,2/26/06,2006,7,4.8,298.3857143,0.761080625
2005/2006,45,10,3/5/06,2006,7,15.7,297.4928571,0.869115959
2005/2006,46,11,3/12/06,2006,0,17.18,297.9928571,0.797163995
2005/2006,47,12,3/19/06,2006,2,2.7,298.4357143,0.867966992
2005/2006,48,13,3/26/06,2006,3,32.1,298.6571429,0.831893166
2005/2006,49,14,4/2/06,2006,3,19.1,298.6642857,0.842767296
2005/2006,50,15,4/9/06,2006,1,27.3,298.95,0.754403131
2005/2006,51,16,4/16/06,2006,3,23.22,299.0142857,0.614441417
2005/2006,52,17,4/23/06,2006,3,16.55,299.3928571,0.756544503
2006/2007,1,18,4/30/06,2006,3,33.6,298.2714286,0.7
2006/2007,2,19,5/7/06,2006,7,53.1,299.0857143,0.659663866
2006/2007,3,20,5/14/06,2006,3,45.3,300.3357143,0.733009709
2006/2007,4,21,5/21/06,2006,5,2.36,300.8,0.703883495
2006/2007,5,22,5/28/06,2006,11,8.1,300.7785714,0.82967033
2006/2007,6,23,6/4/06,2006,5,5.6,301.2,0.811023622
2006/2007,7,24,6/11/06,2006,5,39.54,300.55,0.827956989
2006/2007,8,25,6/18/06,2006,6,47.64,300.4285714,0.85
2006/2007,9,26,6/25/06,2006,6,21.11,300.9214286,0.862385321
2006/2007,10,27,7/2/06,2006,4,48.58,300.5,0.855932203
2006/2007,11,28,7/9/06,2006,4,66.8,300.1071429,0.856368564
2006/2007,12,29,7/16/06,2006,8,22.1,300.7,0.901595745
2006/2007,13,30,7/23/06,2006,14,60.94,300.7571429,1.025522042
2006/2007,14,31,7/30/06,2006,12,155.18,300.4142857,0.953074434
2006/2007,15,32,8/6/06,2006,16,44.1,300.8428571,1.065918654
2006/2007,16,33,8/13/06,2006,10,35.7,300.8928571,0.942708333
2006/2007,17,34,8/20/06,2006,16,26,301.2142857,0.975845411
2006/2007,18,35,8/27/06,2006,18,6.6,301.2714286,1.062393162
2006/2007,19,36,9/3/06,2006,15,29,301.2928571,1.012933969
2006/2007,20,37,9/10/06,2006,23,16.2,301.4857143,1.080287597
2006/2007,21,38,9/17/06,2006,17,9.46,301.5928571,0.998149861
2006/2007,22,39,9/24/06,2006,33,16.7,301.6142857,1.115942029
2006/2007,23,40,10/1/06,2006,15,26.3,301.3928571,0.909977064
2006/2007,24,41,10/8/06,2006,13,26.8,301.1071429,0.902623749
2006/2007,25,42,10/15/06,2006,11,37,300.6714286,0.885849553
2006/2007,26,43,10/22/06,2006,14,45.62,300.9928571,0.899919506
2006/2007,27,44,10/29/06,2006,17,17.7,301.0642857,0.899708918
2006/2007,28,45,11/5/06,2006,19,0.8,300.9642857,0.934679958
2006/2007,29,46,11/12/06,2006,20,38.72,299.3,0.928799411
2006/2007,30,47,11/19/06,2006,12,12.6,300.3214286,0.885700735
2006/2007,31,48,11/26/06,2006,21,37.51,299.9,0.920733218
2006/2007,32,49,12/3/06,2006,7,24.4,299.5071429,0.827415942
2006/2007,33,50,12/10/06,2006,19,11.2,299.65,0.864298966
2006/2007,34,51,12/17/06,2006,10,27.4,299.2642857,0.751625488
2006/2007,35,52,12/24/06,2006,13,12.7,299.0857143,0.884103641
2006/2007,36,1,1/1/07,2007,10,18.5,298.75,0.878571429
2006/2007,37,2,1/8/07,2007,8,64.29,298.3214286,0.877700476
2006/2007,38,3,1/15/07,2007,21,10.53,298.3357143,0.901645475
2006/2007,39,4,1/22/07,2007,11,0.4,298.2142857,0.823569716
2006/2007,40,5,1/29/07,2007,9,0.6,298.7142857,0.792439113
2006/2007,41,6,2/5/07,2007,14,1.2,298.5642857,0.779441522
2006/2007,42,7,2/12/07,2007,14,0.53,299.0714286,0.830172034
2006/2007,43,8,2/19/07,2007,15,28.89,298.2571429,0.793445451
2006/2007,44,9,2/26/07,2007,18,4.13,299.2785714,0.933428436
2006/2007,45,10,3/5/07,2007,16,1.5,299.4071429,0.890664424
2006/2007,46,11,3/12/07,2007,12,4.7,298.5714286,0.932688077
2006/2007,47,12,3/19/07,2007,20,22.6,298.9142857,0.962451446
2006/2007,48,13,3/26/07,2007,8,39.2,298.0571429,0.886970173
2006/2007,49,14,4/2/07,2007,3,1.3,298.4071429,0.877388535
2006/2007,50,15,4/9/07,2007,13,1.12,299.5357143,0.844525845
2006/2007,51,16,4/16/07,2007,4,40.9,299.55,0.867734554
2006/2007,52,17,4/23/07,2007,1,80.01,298.7,0.865865385
2007/2008,1,18,4/30/07,2007,10,44.1,299.3714286,0.8425
2007/2008,2,19,5/7/07,2007,8,11.7,300.6428571,0.824054622
2007/2008,3,20,5/14/07,2007,13,1.2,300.9214286,0.825620767
2007/2008,4,21,5/21/07,2007,10,22,300.7,0.770979021
2007/2008,5,22,5/28/07,2007,21,20.24,301.15,0.834450402
2007/2008,6,23,6/4/07,2007,18,22.4,300.5714286,0.853309481
2007/2008,7,24,6/11/07,2007,21,8.4,301.3071429,0.844911147
2007/2008,8,25,6/18/07,2007,34,9.3,301.3285714,1.118545838
2007/2008,9,26,6/25/07,2007,25,19.8,301.0714286,0.986287625
2007/2008,10,27,7/2/07,2007,34,11.96,301.0071429,1.0427066
2007/2008,11,28,7/9/07,2007,33,11.72,301.1571429,1.051600261
2007/2008,12,29,7/16/07,2007,40,49.64,300.5,1.084715849
2007/2008,13,30,7/23/07,2007,42,6,301.3071429,1.075843083
2007/2008,14,31,7/30/07,2007,36,22.7,301.1642857,1.035726285
2007/2008,15,32,8/6/07,2007,72,28.7,301.0571429,1.155004429
2007/2008,16,33,8/13/07,2007,75,52.12,301.0714286,1.120585134
2007/2008,17,34,8/20/07,2007,76,35.69,300.9928571,1.086710787
2007/2008,18,35,8/27/07,2007,92,19.44,301.2071429,1.118067291
2007/2008,19,36,9/3/07,2007,71,20.9,301.1142857,1.031835206
2007/2008,20,37,9/10/07,2007,112,26.78,301.3571429,1.096090365
2007/2008,21,38,9/17/07,2007,106,16.05,301.1928571,1.066980305
2007/2008,22,39,9/24/07,2007,101,14.1,301.1,1.042863019
2007/2008,23,40,10/1/07,2007,170,23.8,300.8642857,1.137611
2007/2008,24,41,10/8/07,2007,135,11.08,301.5357143,1.035101556
2007/2008,25,42,10/15/07,2007,106,8.66,301.3,0.995028707
2007/2008,26,43,10/22/07,2007,68,177.94,299.6071429,0.964890728
2007/2008,27,44,10/29/07,2007,48,10.7,300.7428571,0.944906183
2007/2008,28,45,11/5/07,2007,48,17.6,300.0928571,0.941888932
2007/2008,29,46,11/12/07,2007,26,32.3,300.0285714,0.930933764
2007/2008,30,47,11/19/07,2007,33,26.43,299.1285714,0.918958144
2007/2008,31,48,11/26/07,2007,29,69.55,299.0571429,0.93005167
2007/2008,32,49,12/3/07,2007,17,42.82,299.1285714,0.895949318
2007/2008,33,50,12/10/07,2007,12,71.73,298.7071429,0.888463421
2007/2008,34,51,12/17/07,2007,13,4.16,298.7857143,0.879863422
2007/2008,35,52,12/24/07,2007,17,13.3,298.7785714,0.76514456
2007/2008,36,1,1/1/08,2008,15,37.66,298.2285714,0.746100972
2007/2008,37,2,1/8/08,2008,14,4.1,297.8714286,0.718396031
2007/2008,38,3,1/15/08,2008,15,27.16,298.1285714,0.789353612
2007/2008,39,4,1/22/08,2008,10,2.7,298.1785714,0.830305108
2007/2008,40,5,1/29/08,2008,9,19.7,297.2785714,0.771651138
2007/2008,41,6,2/5/08,2008,2,10.17,297.9071429,0.883903793
2007/2008,42,7,2/12/08,2008,6,8.3,298.0571429,0.814895947
2007/2008,43,8,2/19/08,2008,8,6.46,298.0714286,0.795305887
2007/2008,44,9,2/26/08,2008,5,6.5,298.0071429,0.885839737
2007/2008,45,10,3/4/08,2008,1,9.38,297.6428571,0.908215661
2007/2008,46,11,3/11/08,2008,2,0.9,297.4357143,0.891166078
2007/2008,47,12,3/18/08,2008,3,7.55,296.9571429,0.8368
2007/2008,48,13,3/25/08,2008,4,3.67,298.2285714,0.827835052
2007/2008,49,14,4/1/08,2008,3,35,297.5642857,0.79500657
2007/2008,50,15,4/8/08,2008,1,4.82,297.7785714,0.693379791
2007/2008,51,16,4/15/08,2008,3,2.17,298.6928571,0.717142857
2007/2008,52,17,4/22/08,2008,5,25.37,298.55,0.67953668
2008/2009,1,18,4/29/08,2008,2,21.83,298.5571429,0.827586207
2008/2009,2,19,5/6/08,2008,3,4.12,299.3571429,0.798029557
2008/2009,3,20,5/13/08,2008,2,2.2,299.7285714,0.681818182
2008/2009,4,21,5/20/08,2008,3,4.36,299.6714286,0.74137931
2008/2009,5,22,5/27/08,2008,2,22.55,299.7285714,0.87
2008/2009,6,23,6/3/08,2008,2,13.1,300.0071429,0.86407767
2008/2009,7,24,6/10/08,2008,3,7.2,300.5785714,0.86407767
2008/2009,8,25,6/17/08,2008,4,17.1,300.6214286,0.86407767
2008/2009,9,26,6/24/08,2008,3,11.9,300.5285714,0.86407767
2008/2009,10,27,7/1/08,2008,4,19.86,300.3428571,0.951456311
2008/2009,11,28,7/8/08,2008,4,5.49,300.6071429,0.940677966
2008/2009,12,29,7/15/08,2008,4,13.62,300.7214286,0.896
2008/2009,13,30,7/22/08,2008,7,8.7,300.8857143,1.120689655
2008/2009,14,31,7/29/08,2008,6,43.5,300.8428571,1.031055901
2008/2009,15,32,8/5/08,2008,15,7.82,301.2857143,1.329787234
2008/2009,16,33,8/12/08,2008,11,65.9,300.8142857,1
2008/2009,17,34,8/19/08,2008,9,31.6,301.1357143,0.96353167
2008/2009,18,35,8/26/08,2008,9,50,301.3142857,0.968227425
2008/2009,19,36,9/2/08,2008,12,58.4,300.9357143,1.008888889
2008/2009,20,37,9/9/08,2008,13,28.1,300.8714286,1.018518519
2008/2009,21,38,9/16/08,2008,13,136.91,300.45,1.01973001
2008/2009,22,39,9/23/08,2008,13,37.5,300.7714286,1.014247551
2008/2009,23,40,9/30/08,2008,20,21.1,300.7428571,1.083855799
2008/2009,24,41,10/7/08,2008,28,40.4,300.2785714,1.160843373
2008/2009,25,42,10/14/08,2008,45,22.7,299.8785714,1.30107084
2008/2009,26,43,10/21/08,2008,28,9.9,300.5571429,0.99386921
2008/2009,27,44,10/28/08,2008,34,58.03,300.1428571,1.016886646
2008/2009,28,45,11/4/08,2008,41,19.6,300.2928571,1.063291139
2008/2009,29,46,11/11/08,2008,36,49.42,299.7571429,1.026429413
2008/2009,30,47,11/18/08,2008,38,31.83,299.4428571,1.03093249
2008/2009,31,48,11/25/08,2008,48,0.72,298.7142857,1.061344291
2008/2009,32,49,12/2/08,2008,27,9.52,298.5714286,0.968257814
2008/2009,33,50,12/9/08,2008,23,25.75,298.6,0.961285836
2008/2009,34,51,12/16/08,2008,28,17.5,297.9142857,0.970979626
2008/2009,35,52,12/23/08,2008,42,27.99,298.1214286,0.993891923
2008/2009,36,1,1/1/09,2009,30,3.55,298.2,0.950981675
2008/2009,37,2,1/8/09,2009,18,9.2,298.4214286,0.897051182
2008/2009,38,3,1/15/09,2009,38,38.5,298.05,0.966411099
2008/2009,39,4,1/22/09,2009,28,16.2,298.2357143,0.929780564
2008/2009,40,5,1/29/09,2009,36,6.22,298.2071429,0.926911249
2008/2009,41,6,2/5/09,2009,44,62.21,297.3571429,0.96109722
2008/2009,42,7,2/12/09,2009,41,2.2,297.3857143,0.94851805
2008/2009,43,8,2/19/09,2009,35,3.8,298.1071429,0.90611399
2008/2009,44,9,2/26/09,2009,28,11.38,298.1571429,0.955509107
2008/2009,45,10,3/5/09,2009,28,26.66,296.4,0.96372017
2008/2009,46,11,3/12/09,2009,22,13.9,296.9285714,0.943747264
2008/2009,47,12,3/19/09,2009,26,25.74,297.2,0.919812024
2008/2009,48,13,3/26/09,2009,24,6.54,296.9857143,0.949423608
2008/2009,49,14,4/2/09,2009,9,0.8,297.8142857,0.948057362
2008/2009,50,15,4/9/09,2009,21,1.1,298.4428571,0.925538252
2008/2009,51,16,4/16/09,2009,10,6.8,298.8571429,0.932452549
2008/2009,52,17,4/23/09,2009,15,15.7,298.5928571,0.910572337